"","datetime_maxstage","Tw_C","Stage_mm_max","site","event","duration_hr","P","MI60","Stage_range","starttime_rain","endtime_rain","lag2p_hr","response","year"
"1",2021-07-21 05:50:00,11.8,-57,"me",29,2,4.39638503780669,2.002990274441,1,2021-07-20 16:00:00,2021-07-20 18:00:00,13.8333333333333,0,2021
"2",2021-07-21 17:25:00,19.9,-57,"me",30,7,3.69221589144532,2.41172741286857,1,2021-07-21 08:00:00,2021-07-21 15:00:00,9.41666666666667,0,2021
"3",2021-07-23 07:55:00,17.1,-57,"me",31,11,1.58662237155859,0.862602377465669,1,2021-07-22 09:00:00,2021-07-22 20:00:00,22.9166666666667,0,2021
"4",2021-07-23 13:45:00,14.8,-51,"me",32,4,7.94667127681635,3.16662740160281,7,2021-07-23 10:00:00,2021-07-23 14:00:00,3.75,1,2021
"5",2021-07-31 06:00:00,11.5,-55,"me",34,8,4.12404809310831,1.38355242641359,1,2021-07-30 10:00:00,2021-07-30 18:00:00,20,0,2021
"6",2021-08-01 03:00:00,8.2,-55,"me",35,11,7.08054224235555,1.85825358604319,1,2021-07-31 04:00:00,2021-07-31 15:00:00,23,0,2021
"7",2021-08-03 07:00:00,12.5,-56,"me",36,3,4.0811349228419,2.07317497780882,0,2021-08-02 16:00:00,2021-08-02 19:00:00,15,0,2021
"8",2021-08-03 10:55:00,13.5,296,"me",37,12,21.4118014735188,6.82504820408909,352,2021-08-03 09:00:00,2021-08-03 21:00:00,1.91666666666667,1,2021
"9",2021-08-06 11:25:00,19.9,87,"me",38,10,9.93991806392892,5.33948829014115,17,2021-08-06 11:00:00,2021-08-06 21:00:00,25,1,2021
"10",2021-08-14 13:00:00,26,118,"me",39,5,4.08316515399543,2.768003462474,30,2021-08-14 13:00:00,2021-08-14 18:00:00,0,1,2021
"11",2021-08-17 13:40:00,23.4,120,"me",41,6,2.56691959728953,1.86563046270202,30,2021-08-17 12:00:00,2021-08-17 18:00:00,1.66666666666667,1,2021
"12",2021-08-18 13:20:00,22,119,"me",42,6,9.39372394177114,6.3760389964196,25,2021-08-18 13:00:00,2021-08-18 19:00:00,20,1,2021
"13",2021-08-19 13:30:00,19.5,117,"me",44,7,4.0093642200812,1.43108527507744,30,2021-08-19 10:00:00,2021-08-19 17:00:00,3.5,1,2021
"14",2021-08-20 13:00:00,17.5,111,"me",45,1,1.90505406630789,1.08877632983858,24,2021-08-20 00:00:00,2021-08-20 01:00:00,13,1,2021
"15",2021-08-27 11:30:00,22.7,115,"me",49,4,1.91412918487101,1.4037549795154,36,2021-08-26 20:00:00,2021-08-27 00:00:00,15.5,1,2021
"16",2021-09-01 13:45:00,21.3,112,"me",51,13,7.19961463044472,2.50032617066229,20,2021-09-01 13:00:00,2021-09-02 02:00:00,45,1,2021
"17",2021-09-02 17:00:00,17.1,102,"me",52,1,4.13216500728526,2.63253070379233,18,2021-09-02 17:00:00,2021-09-02 18:00:00,0,1,2021
"18",2021-09-03 15:25:00,18.5,109,"me",53,6,9.03438160288453,3.59765561438847,29,2021-09-03 10:00:00,2021-09-03 16:00:00,5.41666666666667,1,2021
"19",2021-09-12 16:00:00,21.6,105,"me",55,8,13.0178401361142,7.57264597737506,27,2021-09-12 06:00:00,2021-09-12 14:00:00,10,1,2021
"20",2021-09-14 11:05:00,19.2,101,"me",57,6,7.12023509897161,6.35184126627284,26,2021-09-13 20:00:00,2021-09-14 02:00:00,15.0833333333333,1,2021
"21",2021-09-20 13:00:00,13.5,83,"me",61,3,4.02269631058547,1.83888698125129,16,2021-09-19 22:00:00,2021-09-20 01:00:00,15,1,2021
"22",2021-09-21 10:00:00,9.5,82,"me",62,2,1.86778570797566,0.704472386693033,61,2021-09-20 20:00:00,2021-09-20 22:00:00,14,1,2021
"23",2021-09-28 12:00:00,17.8,76,"me",64,2,1.05195413088829,0.518182635188568,10,2021-09-28 12:00:00,2021-09-28 14:00:00,0,1,2021
"24",2021-09-29 11:05:00,14.8,77,"me",65,12,9.62943764510215,2.09661532675112,10,2021-09-29 04:00:00,2021-09-29 16:00:00,7.08333333333333,1,2021
"25",2022-05-08 07:40:00,4.9,90,"me",82,16,13.5091859996962,2.23775486716941,23,2022-05-07 15:00:00,2022-05-08 07:00:00,16.6666666666667,1,2022
"26",2022-05-09 15:10:00,14.5,78,"me",84,7,6.92324568785905,1.82520637736739,19,2022-05-09 02:00:00,2022-05-09 09:00:00,13.1666666666667,1,2022
"27",2022-05-17 13:05:00,16.1,68,"me",87,7,2.68807394108314,1.10151586683577,18,2022-05-17 13:00:00,2022-05-17 20:00:00,5,1,2022
"28",2022-05-21 14:10:00,11.5,102,"me",88,28,24.3565671020574,2.40625767595161,86,2022-05-19 23:00:00,2022-05-21 03:00:00,1.63194444444444,1,2022
"29",2022-05-23 14:55:00,11.8,92,"me",90,17,12.8898861551011,2.36312691699715,21,2022-05-22 14:00:00,2022-05-23 07:00:00,1.03819444444444,1,2022
"30",2022-05-25 09:00:00,7.2,106,"me",93,10,20.191901223197,3.9074625499387,78,2022-05-24 11:00:00,2022-05-24 21:00:00,22,1,2022
"31",2022-05-29 16:45:00,8.2,113,"me",96,6,7.12350387879494,2.08672466066104,9,2022-05-29 12:00:00,2022-05-29 18:00:00,4.75,1,2022
"32",2022-06-01 10:55:00,10.5,130,"me",98,17,24.536236471717,3.61820616235712,33,2022-05-31 10:00:00,2022-06-01 03:00:00,1.03819444444444,1,2022
"33",2022-06-03 13:00:00,15.1,108,"me",99,3,4.9997367844285,4.60794210569912,16,2022-06-03 13:00:00,2022-06-03 16:00:00,0,1,2022
"34",2022-06-07 03:00:00,6.5,106,"me",102,1,3.40106097079047,2.90616015065774,24,2022-06-06 14:00:00,2022-06-06 15:00:00,13,1,2022
"35",2022-06-07 12:15:00,16.5,114,"me",103,1,3.47487282993374,3.44415596272324,32,2022-06-07 00:00:00,2022-06-07 01:00:00,12.25,1,2022
"36",2022-06-14 10:20:00,13.1,149,"me",104,4,1.6791514900063,0.758759143357849,49,2022-06-14 03:00:00,2022-06-14 07:00:00,7.33333333333333,1,2022
"37",2022-06-17 14:05:00,17.1,103,"me",106,6,5.38834971710988,3.41998619863543,33,2022-06-17 11:00:00,2022-06-17 17:00:00,3.08333333333333,1,2022
"38",2022-06-19 17:50:00,13.1,76,"me",110,1,2.77064420117672,2.06737971987231,15,2022-06-19 13:00:00,2022-06-19 14:00:00,4.83333333333333,1,2022
"39",2022-06-24 16:50:00,13.8,78,"me",111,3,1.62983611352648,0.864759113503373,14,2022-06-24 12:00:00,2022-06-24 15:00:00,4.83333333333333,1,2022
"40",2022-06-26 16:00:00,13.5,80,"me",112,4,8.71350805167643,4.8565572977234,15,2022-06-26 13:00:00,2022-06-26 17:00:00,3,1,2022
"41",2022-06-27 13:25:00,19.9,81,"me",113,4,2.24208722868405,1.60695924635316,15,2022-06-27 13:00:00,2022-06-27 17:00:00,25,1,2022
"42",2022-06-29 15:05:00,19.5,83,"me",116,4,1.96229292266257,1.19875914376679,16,2022-06-29 15:00:00,2022-06-29 19:00:00,5,1,2022
"43",2022-07-01 10:45:00,17.5,82,"me",118,5,4.12974306564173,1.79119403810899,15,2022-06-30 18:00:00,2022-06-30 23:00:00,16.75,1,2022
"44",2022-07-01 10:45:00,17.5,82,"me",119,10,7.81746068487931,6.63727330898629,15,2022-07-01 10:00:00,2022-07-01 20:00:00,45,1,2022
"45",2022-07-02 14:40:00,18.5,82,"me",120,4,1.34841969446372,0.762417335319198,14,2022-07-02 12:00:00,2022-07-02 16:00:00,2.66666666666667,1,2022
"46",2022-07-03 15:25:00,17.8,83,"me",121,7,4.87730256841083,2.28162154537018,15,2022-07-03 11:00:00,2022-07-03 18:00:00,4.41666666666667,1,2022
"47",2022-07-06 15:15:00,13.5,128,"me",124,22,23.4010720897276,6.83333147698376,69,2022-07-05 09:00:00,2022-07-06 07:00:00,1.26041666666667,1,2022
"48",2022-07-06 15:15:00,13.5,128,"me",125,1,10.1271290653009,8.90896566617704,71,2022-07-06 13:00:00,2022-07-06 14:00:00,2.25,1,2022
"49",2022-07-07 15:00:00,17.1,71,"me",126,3,3.31587638265846,2.96819717336378,15,2022-07-07 10:00:00,2022-07-07 13:00:00,5,1,2022
"50",2022-07-13 15:00:00,18.8,67,"me",130,4,4.59274137020158,2.32721701465254,13,2022-07-13 15:00:00,2022-07-13 19:00:00,0,1,2022
"51",2022-07-15 00:00:00,12.5,220,"me",131,11,4.24939274389744,2.58547648098261,163,2022-07-14 10:00:00,2022-07-14 21:00:00,14,1,2022
"52",2022-07-15 16:45:00,14.8,339,"me",133,14,35.4735401048198,16.6684944641421,281,2022-07-15 11:00:00,2022-07-16 01:00:00,5.75,1,2022
"53",2022-07-16 14:25:00,16.1,225,"me",134,6,13.0870905445395,6.29579668054186,20,2022-07-16 13:00:00,2022-07-16 19:00:00,1.41666666666667,1,2022
"54",2022-07-21 07:00:00,9.5,164,"me",135,2,1.55391855728102,1.4971874660669,5,2022-07-20 17:00:00,2022-07-20 19:00:00,14,1,2022
"55",2022-07-23 14:00:00,15.1,170,"me",137,5,4.38456045815983,1.75570762264235,10,2022-07-23 14:00:00,2022-07-23 19:00:00,0,1,2022
"56",2022-07-24 15:05:00,12.1,191,"me",138,5,6.45078992789295,4.42047331140271,40,2022-07-24 10:00:00,2022-07-24 15:00:00,5.08333333333333,1,2022
"57",2022-07-27 20:05:00,4.9,1082,"me",139,6,18.7642626739528,17.8737680090346,933,2022-07-27 14:00:00,2022-07-27 20:00:00,6.08333333333333,1,2022
"58",2022-07-30 12:45:00,15.1,205,"me",142,3,1.08142134854766,0.66979518419149,32,2022-07-30 12:00:00,2022-07-30 15:00:00,45,1,2022
"59",2022-07-31 11:00:00,13.5,184,"me",143,4,2.04648159847881,0.867846058832233,39,2022-07-31 11:00:00,2022-07-31 15:00:00,0,1,2022
"60",2022-08-01 14:55:00,15.1,184,"me",144,5,3.74752317702895,2.29084997330576,26,2022-08-01 10:00:00,2022-08-01 15:00:00,4.91666666666667,1,2022
"61",2022-08-02 14:00:00,16.1,219,"me",145,7,1.2917817109877,0.518140892917781,140,2022-08-02 14:00:00,2022-08-02 21:00:00,0,1,2022
"62",2022-08-05 12:40:00,19.5,89,"me",147,11,10.0114489625711,3.99549350952716,16,2022-08-05 11:00:00,2022-08-05 22:00:00,1.66666666666667,1,2022
"63",2022-08-12 15:25:00,21.3,79,"me",148,3,1.64277965253384,1.38430265231531,15,2022-08-12 13:00:00,2022-08-12 16:00:00,2.41666666666667,1,2022
"64",2022-08-13 11:55:00,19.2,78,"me",150,7,6.98231848680841,2.57323695253997,12,2022-08-13 11:00:00,2022-08-13 18:00:00,55,1,2022
"65",2022-08-15 13:30:00,14.5,1126,"me",151,15,10.5016044459791,2.58319810200757,1059,2022-08-14 12:00:00,2022-08-15 03:00:00,1.0625,1,2022
"66",2022-08-15 13:30:00,14.5,1126,"me",152,9,39.6768138340412,12.9063500246619,1055,2022-08-15 10:00:00,2022-08-15 19:00:00,3.5,1,2022
"67",2022-08-21 16:55:00,17.1,790,"me",155,4,5.05223915338689,2.85397035089386,48,2022-08-21 10:00:00,2022-08-21 14:00:00,6.91666666666667,1,2022
"68",2022-08-23 15:25:00,19.9,809,"me",156,3,4.10111751791279,3.66184862061591,66,2022-08-23 13:00:00,2022-08-23 16:00:00,2.41666666666667,1,2022
"69",2022-08-24 11:30:00,23.4,820,"me",157,4,9.96432222711623,8.01989049129586,70,2022-08-24 11:00:00,2022-08-24 15:00:00,30,1,2022
"70",2022-08-25 12:50:00,17.8,820,"me",158,8,6.07286786238928,2.52506637713089,58,2022-08-25 11:00:00,2022-08-25 19:00:00,1.83333333333333,1,2022
"71",2022-08-26 11:30:00,16.5,818,"me",159,6,5.68438888652173,2.91814117201666,52,2022-08-26 11:00:00,2022-08-26 17:00:00,30,1,2022
"72",2022-08-28 14:00:00,25.3,835,"me",161,1,2.6014690208979,2.30099164519152,75,2022-08-28 14:00:00,2022-08-28 15:00:00,0,1,2022
"73",2022-08-31 15:55:00,24.9,854,"me",162,1,1.67390325896701,1.61284130514166,92,2022-08-31 13:00:00,2022-08-31 14:00:00,2.91666666666667,1,2022
"74",2022-09-14 10:00:00,15.1,809,"me",168,7,9.44381545006903,3.76161941768243,68,2022-09-14 10:00:00,2022-09-14 17:00:00,0,1,2022
"75",2022-09-15 12:00:00,13.5,806,"me",169,5,3.62369640865852,1.65469854860784,68,2022-09-15 06:00:00,2022-09-15 11:00:00,6,1,2022
"76",2022-09-16 14:00:00,13.1,797,"me",170,6,3.15644057187777,1.73920441592585,77,2022-09-16 11:00:00,2022-09-16 17:00:00,3,1,2022
"77",2022-09-22 12:00:00,9.2,777,"me",172,11,16.3240571811607,5.41991385958167,34,2022-09-21 13:00:00,2022-09-22 00:00:00,23,1,2022
"78",2022-09-27 11:00:00,15.1,799,"me",175,5,4.66405374262184,2.34236601727497,84,2022-09-27 11:00:00,2022-09-27 16:00:00,0,1,2022
"79",2022-09-30 09:00:00,13.1,790,"me",177,8,3.54597113399982,1.25695602441248,66,2022-09-30 09:00:00,2022-09-30 17:00:00,0,1,2022
"80",2022-10-01 16:00:00,13.1,787,"me",179,2,1.19383301622566,0.915922699496466,82,2022-10-01 12:00:00,2022-10-01 14:00:00,4,1,2022
"81",2022-10-04 13:00:00,12.1,779,"me",180,3,3.52851884375857,2.99269238851067,79,2022-10-04 13:00:00,2022-10-04 16:00:00,0,1,2022
"82",2021-07-21 06:00:00,21.6,-56,"mm",29,2,4.12259364090378,1.82341174980374,0,2021-07-20 16:00:00,2021-07-20 18:00:00,14,0,2021
"83",2021-07-22 03:00:00,22.7,-55,"mm",30,7,2.64480800363601,1.55432565987437,1,2021-07-21 08:00:00,2021-07-21 15:00:00,19,0,2021
"84",2021-07-23 08:00:00,22,-56,"mm",31,11,1.08038679125147,0.518280137443222,0,2021-07-22 09:00:00,2021-07-22 20:00:00,23,0,2021
"85",2021-07-24 02:00:00,22.3,-56,"mm",32,4,7.42318408774786,3.10519255735696,0,2021-07-23 10:00:00,2021-07-23 14:00:00,16,0,2021
"86",2021-07-31 03:55:00,12.1,-55,"mm",34,8,3.9105079122892,1.39444269269323,1,2021-07-30 10:00:00,2021-07-30 18:00:00,17.9166666666667,0,2021
"87",2021-07-31 14:10:00,13.8,-54,"mm",35,11,6.62969107122751,1.78173950275144,2,2021-07-31 04:00:00,2021-07-31 15:00:00,10.1666666666667,0,2021
"88",2021-08-03 07:00:00,13.5,-55,"mm",36,3,3.85072944535761,2.50696895303083,1,2021-08-02 16:00:00,2021-08-02 19:00:00,15,0,2021
"89",2021-08-03 10:20:00,13.8,221,"mm",37,12,23.2547053378029,6.97258105146829,277,2021-08-03 09:00:00,2021-08-03 21:00:00,1.33333333333333,1,2021
"90",2021-08-06 18:25:00,9.8,160,"mm",38,10,8.93194836266414,5.68325021921607,161,2021-08-06 11:00:00,2021-08-06 21:00:00,7.41666666666667,1,2021
"91",2021-08-15 00:55:00,15.1,-25,"mm",39,5,2.96784919186163,2.24729091577259,1,2021-08-14 13:00:00,2021-08-14 18:00:00,11.9166666666667,0,2021
"92",2021-08-18 05:50:00,9.8,-25,"mm",41,6,2.32115096115559,1.72446120250943,2,2021-08-17 12:00:00,2021-08-17 18:00:00,17.8333333333333,0,2021
"93",2021-08-19 07:00:00,13.1,-24,"mm",42,6,7.89846279547073,5.18126585532749,2,2021-08-18 13:00:00,2021-08-18 19:00:00,18,0,2021
"94",2021-08-19 15:05:00,16.8,-24,"mm",44,7,4.73789778410881,1.80517247735776,2,2021-08-19 10:00:00,2021-08-19 17:00:00,5.08333333333333,0,2021
"95",2021-08-20 12:25:00,14.8,-25,"mm",45,1,1.86204158808531,0.993400843111462,2,2021-08-20 00:00:00,2021-08-20 01:00:00,12.4166666666667,0,2021
"96",2021-08-27 08:25:00,15.5,-38,"mm",49,4,1.67512629095279,1.19215928618261,3,2021-08-26 20:00:00,2021-08-27 00:00:00,12.4166666666667,1,2021
"97",2021-09-02 09:05:00,15.1,-41,"mm",51,13,6.61023926136095,2.33924022539375,5,2021-09-01 13:00:00,2021-09-02 02:00:00,20.0833333333333,1,2021
"98",2021-09-03 06:00:00,8.2,-41,"mm",52,1,4.38722908619135,2.88756446796662,4,2021-09-02 17:00:00,2021-09-02 18:00:00,13,1,2021
"99",2021-09-03 15:15:00,17.8,-38,"mm",53,6,7.85074447046331,3.18900732182167,4,2021-09-03 10:00:00,2021-09-03 16:00:00,5.25,1,2021
"100",2021-09-12 14:50:00,13.5,7,"mm",55,8,12.8770568551063,7.79557866213689,56,2021-09-12 06:00:00,2021-09-12 14:00:00,8.83333333333333,1,2021
"101",2021-09-14 10:05:00,14.5,1,"mm",57,6,5.62680096467947,5.06146218696086,3,2021-09-13 20:00:00,2021-09-14 02:00:00,14.0833333333333,1,2021
"102",2021-09-20 13:00:00,10.8,-2,"mm",61,3,3.78663180959524,1.7229594118263,5,2021-09-19 22:00:00,2021-09-20 01:00:00,15,1,2021
"103",2021-09-21 10:00:00,6.5,-3,"mm",62,2,1.70405152954794,0.593505732301828,4,2021-09-20 20:00:00,2021-09-20 22:00:00,14,1,2021
"104",2021-09-28 16:30:00,11.8,-10,"mm",64,2,1.14882770545258,0.673293341547658,3,2021-09-28 12:00:00,2021-09-28 14:00:00,4.5,1,2021
"105",2021-09-29 16:15:00,8.5,-9,"mm",65,12,9.67395271180797,2.24643761863151,3,2021-09-29 04:00:00,2021-09-29 16:00:00,12.25,1,2021
"106",2021-10-08 14:35:00,13.5,-18,"mm",69,24,11.5674966675047,3.28044914781566,4,2021-10-08 14:00:00,2021-10-09 14:00:00,35,1,2021
"107",2021-10-13 00:15:00,-0.2,-20,"mm",71,7,7.01259813981729,1.86732767722407,5,2021-10-12 12:00:00,2021-10-12 19:00:00,12.25,1,2021
"108",2021-10-14 22:40:00,-0.9,-20,"mm",72,19,4.66529656268054,1.52056132845215,12,2021-10-14 09:00:00,2021-10-15 04:00:00,13.6666666666667,1,2021
"109",2021-10-19 09:00:00,4.2,-40,"mm",73,8,1.1056395885838,0.429585800355619,1,2021-10-19 08:00:00,2021-10-19 16:00:00,1,0,2021
"110",2021-10-28 04:00:00,2.2,-46,"mm",78,10,1.25644960280005,0.225069479393318,1,2021-10-27 10:00:00,2021-10-27 20:00:00,18,0,2021
"111",2022-05-02 22:00:00,0.1,-34,"mm",80,21,11.1627898678037,3.87932143481494,16,2022-05-01 13:00:00,2022-05-02 10:00:00,1.375,1,2022
"112",2022-05-04 18:00:00,5.2,-24,"mm",81,25,23.9733457694879,3.82121996171964,8,2022-05-03 15:00:00,2022-05-04 16:00:00,1.125,1,2022
"113",2022-05-08 07:20:00,3.9,-21,"mm",82,16,12.7615199780403,2.24928194275387,2,2022-05-07 15:00:00,2022-05-08 07:00:00,16.3333333333333,0,2022
"114",2022-05-09 18:55:00,8.2,-23,"mm",84,7,6.49906901294393,1.74775880279028,1,2022-05-09 02:00:00,2022-05-09 09:00:00,16.9166666666667,0,2022
"115",2022-05-18 08:00:00,9.8,-24,"mm",87,7,2.61302964439789,1.11669604763253,1,2022-05-17 13:00:00,2022-05-17 20:00:00,19,0,2022
"116",2022-05-20 15:25:00,2.2,-23,"mm",88,28,23.5411448529469,2.30555888957816,2,2022-05-19 23:00:00,2022-05-21 03:00:00,16.4166666666667,0,2022
"117",2022-05-23 07:10:00,3.9,-23,"mm",90,17,12.2326565809709,2.16093092604299,5,2022-05-22 14:00:00,2022-05-23 07:00:00,17.1666666666667,1,2022
"118",2022-05-25 07:45:00,3.2,-25,"mm",93,10,19.8036639324124,3.87549578326703,3,2022-05-24 11:00:00,2022-05-24 21:00:00,20.75,1,2022
"119",2022-05-29 17:10:00,7.5,-25,"mm",96,6,6.45178120024016,1.87031008493384,2,2022-05-29 12:00:00,2022-05-29 18:00:00,5.16666666666667,0,2022
"120",2022-06-01 07:40:00,3.9,-24,"mm",98,17,24.5985419501313,3.52028622816044,4,2022-05-31 10:00:00,2022-06-01 03:00:00,21.6666666666667,1,2022
"121",2022-06-03 14:10:00,13.1,-24,"mm",99,3,7.330934913692,6.99398614527462,4,2022-06-03 13:00:00,2022-06-03 16:00:00,1.16666666666667,1,2022
"122",2022-06-07 01:30:00,7.2,-22,"mm",102,1,3.57067504679474,3.19447561022521,5,2022-06-06 14:00:00,2022-06-06 15:00:00,11.5,1,2022
"123",2022-06-07 01:30:00,7.2,-22,"mm",103,1,3.01226803779427,2.9675778938258,5,2022-06-07 00:00:00,2022-06-07 01:00:00,1.5,1,2022
"124",2022-06-14 18:50:00,9.8,-29,"mm",104,4,1.39268979205806,0.658582888663748,2,2022-06-14 03:00:00,2022-06-14 07:00:00,15.8333333333333,0,2022
"125",2022-06-18 05:00:00,9.2,-25,"mm",106,6,5.47153564231159,3.39100862378432,6,2022-06-17 11:00:00,2022-06-17 17:00:00,18,1,2022
"126",2022-06-19 19:05:00,12.1,-27,"mm",110,1,2.43052841870806,1.68743612168128,3,2022-06-19 13:00:00,2022-06-19 14:00:00,6.08333333333333,1,2022
"127",2022-06-25 03:00:00,7.5,-29,"mm",111,3,1.38667761669751,0.70542436098401,2,2022-06-24 12:00:00,2022-06-24 15:00:00,15,0,2022
"128",2022-06-26 19:10:00,9.5,-25,"mm",112,4,9.23422318580941,5.36948988076072,5,2022-06-26 13:00:00,2022-06-26 17:00:00,6.16666666666667,1,2022
"129",2022-06-28 00:00:00,8.9,-26,"mm",113,4,2.25374961909443,1.5224629787513,3,2022-06-27 13:00:00,2022-06-27 17:00:00,11,1,2022
"130",2022-06-30 05:55:00,11.2,-25,"mm",116,4,1.86198924880293,1.15763805723195,4,2022-06-29 15:00:00,2022-06-29 19:00:00,14.9166666666667,1,2022
"131",2022-07-01 11:00:00,14.8,-23,"mm",118,5,3.65076137171304,1.46644986493965,5,2022-06-30 18:00:00,2022-06-30 23:00:00,17,1,2022
"132",2022-07-01 12:20:00,18.2,-23,"mm",119,10,7.99309802794538,6.78833825396727,4,2022-07-01 10:00:00,2022-07-01 20:00:00,2.33333333333333,1,2022
"133",2022-07-02 13:00:00,15.1,-22,"mm",120,4,1.38795543662871,0.858869699980596,4,2022-07-02 12:00:00,2022-07-02 16:00:00,1,1,2022
"134",2022-07-03 15:30:00,16.5,-24,"mm",121,7,4.45918341815625,2.19580999338406,3,2022-07-03 11:00:00,2022-07-03 18:00:00,4.5,1,2022
"135",2022-07-06 14:50:00,13.5,179,"mm",124,22,22.6892180829695,6.19730234795237,206,2022-07-05 09:00:00,2022-07-06 07:00:00,1.24305555555556,1,2022
"136",2022-07-06 14:50:00,13.5,179,"mm",125,1,8.82014891673982,8.00369034985631,206,2022-07-06 13:00:00,2022-07-06 14:00:00,1.83333333333333,1,2022
"137",2022-07-07 10:25:00,12.5,60,"mm",126,3,2.37182950245317,2.23247187355073,75,2022-07-07 10:00:00,2022-07-07 13:00:00,25,1,2022
"138",2022-07-13 15:05:00,17.1,-1,"mm",130,4,4.25191282484022,2.39678804323032,12,2022-07-13 15:00:00,2022-07-13 19:00:00,5,1,2022
"139",2022-07-15 09:00:00,11.5,-7,"mm",131,11,4.05399479490222,2.4808862959575,6,2022-07-14 10:00:00,2022-07-14 21:00:00,23,1,2022
"140",2022-07-15 16:35:00,15.1,286,"mm",132,20,38.1517123001666,19.4542168413359,299,2022-07-15 05:00:00,2022-07-16 01:00:00,11.5833333333333,1,2022
"141",2022-07-16 14:35:00,16.1,22,"mm",133,6,12.2919375848615,6.90067962556007,33,2022-07-16 13:00:00,2022-07-16 19:00:00,1.58333333333333,1,2022
"142",2022-07-20 18:55:00,14.1,-10,"mm",134,2,1.87277303673899,1.84009871566206,2,2022-07-20 17:00:00,2022-07-20 19:00:00,1.91666666666667,0,2022
"143",2022-07-24 07:00:00,11.2,-11,"mm",136,5,4.19349024037877,1.72946431240146,1,2022-07-23 14:00:00,2022-07-23 19:00:00,17,0,2022
"144",2022-07-25 01:05:00,9.5,-11,"mm",137,5,5.8827310396812,3.77649982441517,1,2022-07-24 10:00:00,2022-07-24 15:00:00,15.0833333333333,0,2022
"145",2022-07-27 20:05:00,2.5,368,"mm",138,6,22.177900108522,20.8950623713481,380,2022-07-27 14:00:00,2022-07-27 20:00:00,6.08333333333333,1,2022
"146",2022-07-30 14:50:00,13.1,77,"mm",141,3,1.25273957287205,0.634830167984667,4,2022-07-30 12:00:00,2022-07-30 15:00:00,2.83333333333333,1,2022
"147",2022-07-31 17:55:00,14.1,77,"mm",142,4,1.47324966755538,0.858784206394435,3,2022-07-31 11:00:00,2022-07-31 15:00:00,6.91666666666667,1,2022
"148",2022-08-01 13:35:00,14.1,79,"mm",143,5,3.55136687912287,2.38641558183091,5,2022-08-01 10:00:00,2022-08-01 15:00:00,3.58333333333333,1,2022
"149",2022-08-03 09:00:00,13.5,79,"mm",144,7,1.08868528807828,0.553233169009206,8,2022-08-02 14:00:00,2022-08-02 21:00:00,19,1,2022
"150",2022-08-05 13:00:00,24.5,82,"mm",146,11,9.19185772811934,3.76424499637654,10,2022-08-05 11:00:00,2022-08-05 22:00:00,2,1,2022
"151",2022-08-13 04:00:00,10.9,-15,"mm",148,3,1.43741042446438,1.18568648291521,1,2022-08-12 13:00:00,2022-08-12 16:00:00,15,0,2022
"152",2022-08-14 06:00:00,10.8,-14,"mm",150,7,5.77438217937084,2.29115473340749,2,2022-08-13 11:00:00,2022-08-13 18:00:00,19,0,2022
"153",2022-08-15 15:00:00,14.7,573,"mm",151,15,9.920707405254,2.85735816483177,589,2022-08-14 12:00:00,2022-08-15 03:00:00,1.125,1,2022
"154",2022-08-15 21:55:00,12.1,576,"mm",152,11,36.6162626028787,10.2739015259383,592,2022-08-15 10:00:00,2022-08-15 21:00:00,11.9166666666667,1,2022
"155",2022-08-22 02:00:00,11.2,580,"mm",155,4,4.23766727110235,2.78089858356486,2,2022-08-21 10:00:00,2022-08-21 14:00:00,16,0,2022
"156",2022-08-24 01:20:00,11.8,582,"mm",156,3,2.35748299818652,2.1041174266819,4,2022-08-23 13:00:00,2022-08-23 16:00:00,12.3333333333333,1,2022
"157",2022-08-25 03:00:00,11.6,582,"mm",157,4,8.72359919608604,7.44831434514882,5,2022-08-24 11:00:00,2022-08-24 15:00:00,16,1,2022
"158",2022-08-26 07:00:00,11.5,583,"mm",158,8,7.7922673074051,3.86246821250925,2,2022-08-25 11:00:00,2022-08-25 19:00:00,20,0,2022
"159",2022-08-26 23:20:00,11.9,585,"mm",159,6,4.89019269379873,2.13695986316187,4,2022-08-26 11:00:00,2022-08-26 17:00:00,12.3333333333333,1,2022
"160",2022-08-28 23:10:00,12,586,"mm",161,1,2.54748092525823,2.018534823614,4,2022-08-28 14:00:00,2022-08-28 15:00:00,9.16666666666667,1,2022
"161",2022-09-01 02:00:00,12.3,586,"mm",162,1,1.13083242056985,0.998399576050809,4,2022-08-31 13:00:00,2022-08-31 14:00:00,13,1,2022
"162",2022-09-15 04:10:00,9.4,588,"mm",168,7,8.82046038419252,3.77368229137079,2,2022-09-14 10:00:00,2022-09-14 17:00:00,18.1666666666667,0,2022
"163",2022-09-15 19:55:00,9.4,589,"mm",169,9,3.958969799783,1.8474656737232,3,2022-09-15 02:00:00,2022-09-15 11:00:00,17.9166666666667,1,2022
"164",2022-09-16 20:00:00,9.4,589,"mm",170,6,2.87160590745922,1.67411508786489,3,2022-09-16 11:00:00,2022-09-16 17:00:00,9,1,2022
"165",2022-09-22 11:25:00,9.4,589,"mm",172,11,16.3291610654753,5.2407317969084,1,2022-09-21 13:00:00,2022-09-22 00:00:00,22.4166666666667,0,2022
"166",2022-09-28 04:00:00,8.3,588,"mm",175,5,4.62885175970552,2.49903887316973,2,2022-09-27 11:00:00,2022-09-27 16:00:00,17,0,2022
"167",2022-09-30 21:00:00,8.6,589,"mm",177,8,3.72524234563744,1.29695646170109,2,2022-09-30 09:00:00,2022-09-30 17:00:00,12,0,2022
"168",2022-10-01 23:55:00,8.5,590,"mm",179,2,1.08474778280536,0.822112392137585,3,2022-10-01 12:00:00,2022-10-01 14:00:00,11.9166666666667,1,2022
"169",2022-10-05 04:00:00,8.1,597,"mm",180,3,4.32058081185433,3.82541550189272,10,2022-10-04 13:00:00,2022-10-04 16:00:00,15,1,2022
"170",2021-07-21 06:00:00,21.6,-54,"mw",32,2,4.89247860382834,2.08614876688083,0,2021-07-20 16:00:00,2021-07-20 18:00:00,14,0,2021
"171",2021-07-22 03:00:00,22.7,-54,"mw",33,7,3.22532106577549,1.81250260843875,0,2021-07-21 08:00:00,2021-07-21 15:00:00,19,0,2021
"172",2021-07-23 08:00:00,22,-54,"mw",34,11,1.18422911604895,0.688765276794942,0,2021-07-22 09:00:00,2021-07-22 20:00:00,23,0,2021
"173",2021-07-24 02:00:00,22.3,-54,"mw",35,4,8.78542730506508,3.93081175742802,0,2021-07-23 10:00:00,2021-07-23 14:00:00,16,0,2021
"174",2021-07-31 06:00:00,11.8,-12,"mw",37,8,3.67342775079473,1.25224557375464,3,2021-07-30 10:00:00,2021-07-30 18:00:00,20,1,2021
"175",2021-07-31 17:30:00,12.8,-2,"mw",38,11,7.14395387310043,1.84340062911173,12,2021-07-31 04:00:00,2021-07-31 15:00:00,13.5,1,2021
"176",2021-08-02 20:10:00,12.5,-4,"mw",39,3,4.45149787878214,2.38035058954353,1,2021-08-02 16:00:00,2021-08-02 19:00:00,4.16666666666667,0,2021
"177",2021-08-03 10:25:00,12.8,116,"mw",40,12,18.6169488817858,5.91912105005676,121,2021-08-03 09:00:00,2021-08-03 21:00:00,1.41666666666667,1,2021
"178",2021-08-06 18:25:00,10.8,226,"mw",41,10,10.0131907451212,6.00121170058631,224,2021-08-06 11:00:00,2021-08-06 21:00:00,7.41666666666667,1,2021
"179",2021-08-14 17:45:00,16.1,-41,"mw",42,5,3.74067787779083,2.51093874961609,2,2021-08-14 13:00:00,2021-08-14 18:00:00,4.75,0,2021
"180",2021-08-18 06:00:00,10.2,-41,"mw",44,6,2.65433642009623,2.14517972124586,1,2021-08-17 12:00:00,2021-08-17 18:00:00,18,0,2021
"181",2021-08-19 07:00:00,12.8,-40,"mw",45,6,7.96967381472431,5.61600232191923,2,2021-08-18 13:00:00,2021-08-18 19:00:00,18,0,2021
"182",2021-08-19 23:35:00,10.5,-41,"mw",47,7,3.83248176214147,1.48048908844018,2,2021-08-19 10:00:00,2021-08-19 17:00:00,13.5833333333333,0,2021
"183",2021-08-20 13:00:00,15.1,-42,"mw",48,1,2.01988771736254,1.12775494186755,1,2021-08-20 00:00:00,2021-08-20 01:00:00,13,0,2021
"184",2021-08-27 07:30:00,14.8,-40,"mw",53,6,2.07701813720301,1.39863786930704,3,2021-08-26 18:00:00,2021-08-27 00:00:00,13.5,1,2021
"185",2021-09-02 08:15:00,13.5,-39,"mw",55,13,7.06462714548331,2.45578989332464,3,2021-09-01 13:00:00,2021-09-02 02:00:00,19.25,1,2021
"186",2021-10-15 16:00:00,6.5,-20,"mw",76,21,5.05129803487949,1.55922117950101,1,2021-10-14 09:00:00,2021-10-15 06:00:00,1.29166666666667,0,2021
"187",2021-10-19 18:00:00,4.2,-21,"mw",77,8,1.13444490566977,0.473552812911603,1,2021-10-19 08:00:00,2021-10-19 16:00:00,10,0,2021
"188",2021-10-28 11:00:00,7.5,-21,"mw",81,19,1.46303889581408,0.1980001013757,1,2021-10-27 04:00:00,2021-10-27 23:00:00,1.29166666666667,0,2021
"189",2022-05-02 10:00:00,2.5,-17,"mw",83,23,11.7871351797584,4.01033622167147,3,2022-05-01 13:00:00,2022-05-02 12:00:00,21,1,2022
"190",2022-05-04 17:00:00,5.2,-12,"mw",84,26,24.7799310945337,4.14224472803572,8,2022-05-03 14:00:00,2022-05-04 16:00:00,1.125,1,2022
"191",2022-05-08 07:25:00,4.2,-8,"mw",85,16,13.7992495031567,2.27234609075218,12,2022-05-07 15:00:00,2022-05-08 07:00:00,16.4166666666667,1,2022
"192",2022-05-09 17:00:00,10.8,-22,"mw",87,8,7.10378655138855,1.81444252488214,2,2022-05-09 02:00:00,2022-05-09 10:00:00,15,0,2022
"193",2022-05-18 08:00:00,13.5,-21,"mw",90,7,3.01005180532292,1.20699563425903,1,2022-05-17 13:00:00,2022-05-17 20:00:00,19,0,2022
"194",2022-05-21 15:00:00,9.2,-21,"mw",91,28,24.7259887022558,2.28110400018089,2,2022-05-19 23:00:00,2022-05-21 03:00:00,1.66666666666667,0,2022
"195",2022-05-23 16:30:00,10.2,-21,"mw",93,20,12.8930501270623,2.23504172648078,2,2022-05-22 11:00:00,2022-05-23 07:00:00,1.22916666666667,0,2022
"196",2022-05-25 09:00:00,9.2,-21,"mw",96,10,19.3884900305025,3.91026340148303,2,2022-05-24 11:00:00,2022-05-24 21:00:00,22,0,2022
"197",2022-05-29 11:30:00,12.1,-21,"mw",98,15,6.75880909694023,2.11368388970019,2,2022-05-29 03:00:00,2022-05-29 18:00:00,8.5,0,2022
"198",2022-06-01 15:00:00,9.8,-21,"mw",101,17,25.5532735191835,3.7042837818229,1,2022-05-31 10:00:00,2022-06-01 03:00:00,1.20833333333333,0,2022
"199",2022-06-03 18:45:00,9.8,-22,"mw",102,3,4.9676711532186,4.58831676255743,1,2022-06-03 13:00:00,2022-06-03 16:00:00,5.75,0,2022
"200",2022-06-06 09:00:00,12.8,-22,"mw",104,6,1.0005363162755,0.834302429289291,1,2022-06-05 15:00:00,2022-06-05 21:00:00,18,0,2022
"201",2022-06-06 15:45:00,9.8,-20,"mw",105,2,3.61309117400151,3.06261739289378,3,2022-06-06 13:00:00,2022-06-06 15:00:00,2.75,1,2022
"202",2022-06-07 12:50:00,16.5,-21,"mw",106,1,2.92781722363401,2.76689516894375,2,2022-06-07 00:00:00,2022-06-07 01:00:00,12.8333333333333,0,2022
"203",2022-06-14 14:15:00,16.5,-20,"mw",108,3,1.87314522461736,0.812395159789965,2,2022-06-14 03:00:00,2022-06-14 06:00:00,11.25,0,2022
"204",2022-06-17 21:40:00,10.2,-22,"mw",110,6,6.16608006871641,3.70631634538587,1,2022-06-17 11:00:00,2022-06-17 17:00:00,10.6666666666667,0,2022
"205",2022-06-19 13:20:00,15.8,-22,"mw",114,1,2.34715255574549,1.7626189389866,2,2022-06-19 13:00:00,2022-06-19 14:00:00,20,0,2022
"206",2022-06-25 03:00:00,7.5,-23,"mw",115,3,1.84332865326464,0.85039221808998,1,2022-06-24 12:00:00,2022-06-24 15:00:00,15,0,2022
"207",2022-06-26 16:55:00,11.2,-19,"mw",117,4,9.23379288886646,5.45060135785856,4,2022-06-26 13:00:00,2022-06-26 17:00:00,3.91666666666667,1,2022
"208",2022-06-27 13:45:00,16.1,-21,"mw",118,4,2.48127206417248,1.66647932622213,2,2022-06-27 13:00:00,2022-06-27 17:00:00,45,0,2022
"209",2022-06-30 07:00:00,9.5,-22,"mw",121,4,1.82398839194298,1.28121013798434,1,2022-06-29 15:00:00,2022-06-29 19:00:00,16,0,2022
"210",2022-07-01 11:00:00,15.8,-22,"mw",123,5,3.90815880967688,1.59235478646449,1,2022-06-30 18:00:00,2022-06-30 23:00:00,17,0,2022
"211",2022-07-02 08:00:00,11.2,-21,"mw",125,2,6.32760007087981,6.12949991198277,2,2022-07-01 18:00:00,2022-07-01 20:00:00,14,0,2022
"212",2022-07-03 03:50:00,8.2,-22,"mw",126,4,1.3760746655452,0.79459804808229,1,2022-07-02 12:00:00,2022-07-02 16:00:00,15.8333333333333,0,2022
"213",2022-07-03 19:20:00,11.2,-21,"mw",127,7,5.19006066653381,2.24806335546597,1,2022-07-03 11:00:00,2022-07-03 18:00:00,8.33333333333333,0,2022
"214",2022-07-06 14:40:00,12.1,418,"mw",130,22,21.5533787443918,6.80191100636445,440,2022-07-05 09:00:00,2022-07-06 07:00:00,1.23611111111111,1,2022
"215",2022-07-06 14:40:00,12.1,418,"mw",131,1,10.4020732972957,9.4935271243349,440,2022-07-06 13:00:00,2022-07-06 14:00:00,1.66666666666667,1,2022
"216",2022-07-07 10:05:00,18.5,19,"mw",132,7,2.85037537442838,2.75058379762603,15,2022-07-07 10:00:00,2022-07-07 17:00:00,5,1,2022
"217",2022-07-14 07:00:00,13.1,-21,"mw",136,4,4.42479821064109,2.23903277131206,2,2022-07-13 15:00:00,2022-07-13 19:00:00,16,0,2022
"218",2022-07-15 08:20:00,18.2,-21,"mw",137,11,4.18363128400565,2.47463444209454,2,2022-07-14 10:00:00,2022-07-14 21:00:00,22.3333333333333,0,2022
"219",2022-07-15 16:30:00,15.8,889,"mw",138,20,37.7972729134714,19.8692202768198,912,2022-07-15 05:00:00,2022-07-16 01:00:00,11.5,1,2022
"220",2022-07-17 06:30:00,10.5,64,"mw",139,6,12.4853180117165,7.30801393792452,8,2022-07-16 13:00:00,2022-07-16 19:00:00,17.5,1,2022
"221",2022-07-20 14:20:01,17.8,56,"mw",140,6,1.74522272617742,1.68698735678558,6,2022-07-20 13:00:00,2022-07-20 19:00:00,1.33361111111111,1,2022
"222",2022-07-23 16:05:01,15.5,59,"mw",142,5,3.82968866708318,1.76225217521986,7,2022-07-23 14:00:00,2022-07-23 19:00:00,2.08361111111111,1,2022
"223",2022-07-24 15:45:01,13.1,60,"mw",143,5,5.10754123235934,2.87994912558322,7,2022-07-24 10:00:00,2022-07-24 15:00:00,5.75027777777778,1,2022
"224",2022-07-27 20:05:01,0.8,1112,"mw",144,5,18.3361409824221,17.2783717170078,1055,2022-07-27 14:00:00,2022-07-27 19:00:00,6.08361111111111,1,2022
"225",2022-07-30 14:20:01,12.8,493,"mw",147,7,1.25804753599324,0.740507183164987,19,2022-07-30 12:00:00,2022-07-30 19:00:00,2.33361111111111,1,2022
"226",2022-07-31 16:30:01,12.5,491,"mw",148,4,2.12331576786825,0.840716374073857,22,2022-07-31 11:00:00,2022-07-31 15:00:00,5.50027777777778,1,2022
"227",2022-08-01 10:05:01,12.8,489,"mw",149,5,4.10272841681433,2.73592206146003,27,2022-08-01 10:00:00,2022-08-01 15:00:00,5.01666666666667,1,2022
"228",2022-08-02 15:20:01,13.8,480,"mw",150,7,1.393369304757,0.567464069689347,29,2022-08-02 14:00:00,2022-08-02 21:00:00,1.33361111111111,1,2022
"229",2022-08-03 16:55:00,17.1,477,"mw",151,1,1.06109525352431,1.05968803509387,27,2022-08-03 14:00:00,2022-08-03 15:00:00,2.91666666666667,1,2022
"230",2022-08-06 10:00:00,20.6,486,"mw",152,11,11.4085992847772,5.20780106432611,32,2022-08-05 11:00:00,2022-08-05 22:00:00,23,1,2022
"231",2022-08-12 15:25:00,20.2,482,"mw",154,3,1.40664997919649,1.12474880351481,32,2022-08-12 13:00:00,2022-08-12 16:00:00,2.41666666666667,1,2022
"232",2022-08-13 11:50:00,21.3,481,"mw",156,7,6.47008330154134,2.37399952803486,32,2022-08-13 11:00:00,2022-08-13 18:00:00,50,1,2022
"233",2022-08-15 09:55:00,18.2,479,"mw",157,15,10.1738424916949,2.39570085145183,25,2022-08-14 12:00:00,2022-08-15 03:00:00,21.9166666666667,1,2022
"234",2022-08-15 10:05:00,17.8,478,"mw",158,11,38.6516656446266,11.2865863512318,22,2022-08-15 10:00:00,2022-08-15 21:00:00,5,1,2022
"235",2022-08-21 10:00:00,17.1,478,"mw",161,4,10.082166669319,5.49584796695548,30,2022-08-21 10:00:00,2022-08-21 14:00:00,0,1,2022
"236",2022-08-23 13:35:00,19.2,480,"mw",162,3,4.78963013577065,4.08977657706713,37,2022-08-23 13:00:00,2022-08-23 16:00:00,35,1,2022
"237",2022-08-24 13:05:00,18.5,478,"mw",163,4,9.35650252370251,7.14917958532665,33,2022-08-24 11:00:00,2022-08-24 15:00:00,2.08333333333333,1,2022
"238",2022-08-25 12:55:00,17.5,475,"mw",164,8,6.38228058090663,2.82039567641271,29,2022-08-25 11:00:00,2022-08-25 19:00:00,1.91666666666667,1,2022
"239",2022-08-26 11:30:00,16.1,470,"mw",165,6,4.93435352467132,2.57245601551216,24,2022-08-26 11:00:00,2022-08-26 17:00:00,30,1,2022
"240",2022-08-28 14:20:00,19.2,478,"mw",167,1,3.12048837832821,2.65946504166524,34,2022-08-28 14:00:00,2022-08-28 15:00:00,20,1,2022
"241",2022-08-31 13:05:00,20.6,481,"mw",168,1,2.10006022943859,1.93620518115041,40,2022-08-31 13:00:00,2022-08-31 14:00:00,5,1,2022
"242",2022-09-14 10:00:00,16.1,443,"mw",174,7,9.06702558044537,3.30760339933062,22,2022-09-14 10:00:00,2022-09-14 17:00:00,0,1,2022
"243",2022-09-15 14:05:00,15.8,442,"mw",175,5,3.79961052521674,2.02989386981577,20,2022-09-15 06:00:00,2022-09-15 11:00:00,8.08333333333333,1,2022
"244",2022-09-16 14:05:00,16.1,442,"mw",176,7,2.88965864680071,1.63098741145134,24,2022-09-16 10:00:00,2022-09-16 17:00:00,4.08333333333333,1,2022
"245",2022-09-21 13:05:00,12.5,428,"mw",178,11,16.8144155880382,5.23442299813581,7,2022-09-21 13:00:00,2022-09-22 00:00:00,5,1,2022
"246",2022-09-27 14:35:00,15.8,433,"mw",181,5,5.44185505578179,2.79399127860088,19,2022-09-27 11:00:00,2022-09-27 16:00:00,3.58333333333333,1,2022
"247",2022-09-30 09:00:00,13.1,431,"mw",183,8,3.44695266007159,1.497182193793,16,2022-09-30 09:00:00,2022-09-30 17:00:00,0,1,2022
"248",2022-10-04 15:55:00,11.8,428,"mw",187,4,3.61659428824056,2.98710375881287,18,2022-10-04 13:00:00,2022-10-04 17:00:00,2.91666666666667,1,2022
"249",2021-07-21 06:00:00,22,-54,"ue",30,2,4.51559114434914,2.00668373734438,0,2021-07-20 16:00:00,2021-07-20 18:00:00,14,0,2021
"250",2021-07-22 03:00:00,22.7,-54,"ue",31,7,2.74728708211104,1.44541198335371,0,2021-07-21 08:00:00,2021-07-21 15:00:00,19,0,2021
"251",2021-07-23 08:00:00,22,-54,"ue",32,11,1.07031548840992,0.525072205488917,0,2021-07-22 09:00:00,2021-07-22 20:00:00,23,0,2021
"252",2021-07-24 02:00:00,22.3,-54,"ue",33,4,8.49725109807175,3.96825189161898,0,2021-07-23 10:00:00,2021-07-23 14:00:00,16,0,2021
"253",2021-07-31 06:00:00,10.8,-54,"ue",35,8,3.78868046856404,1.29340262596346,0,2021-07-30 10:00:00,2021-07-30 18:00:00,20,0,2021
"254",2021-08-01 02:00:00,7.9,-54,"ue",37,3,5.51573330403116,1.79016647968328,0,2021-07-31 11:00:00,2021-07-31 14:00:00,15,0,2021
"255",2021-08-03 07:00:00,12.8,-54,"ue",38,3,4.36768600381856,2.60672562236962,0,2021-08-02 16:00:00,2021-08-02 19:00:00,15,0,2021
"256",2021-08-03 10:45:00,13.8,-2,"ue",39,12,20.1401203555497,6.00191265544783,52,2021-08-03 08:00:00,2021-08-03 20:00:00,2.75,1,2021
"257",2021-08-07 09:00:00,15.8,-6,"ue",40,10,9.0904383557793,5.80406765999498,26,2021-08-06 11:00:00,2021-08-06 21:00:00,22,1,2021
"258",2021-08-14 17:35:00,16.5,-26,"ue",41,5,3.01617804678021,2.33854239980487,3,2021-08-14 13:00:00,2021-08-14 18:00:00,4.58333333333333,1,2021
"259",2021-08-18 06:00:00,9.8,-24,"ue",44,6,2.28774515291684,1.7978428408222,5,2021-08-17 12:00:00,2021-08-17 18:00:00,18,1,2021
"260",2021-08-19 06:40:00,17.1,-20,"ue",45,6,6.94084515148182,4.60711116189349,9,2021-08-18 13:00:00,2021-08-18 19:00:00,17.6666666666667,1,2021
"261",2021-08-19 17:25:00,12.5,-26,"ue",47,7,4.52797357888899,1.67653301478754,4,2021-08-19 10:00:00,2021-08-19 17:00:00,7.41666666666667,1,2021
"262",2021-08-20 12:50:00,14.5,-11,"ue",48,1,1.93531392441491,1.06590787952078,19,2021-08-20 00:00:00,2021-08-20 01:00:00,12.8333333333333,1,2021
"263",2021-08-27 06:55:00,17.5,-19,"ue",52,6,1.88555194061354,1.19980465692172,10,2021-08-26 18:00:00,2021-08-27 00:00:00,12.9166666666667,1,2021
"264",2021-09-02 07:40:00,14.1,-19,"ue",54,9,6.63123387618447,2.22347264786567,10,2021-09-01 16:00:00,2021-09-02 01:00:00,15.6666666666667,1,2021
"265",2021-09-02 20:10:00,10.8,-22,"ue",55,1,4.48379845002812,3.18580681895405,5,2021-09-02 17:00:00,2021-09-02 18:00:00,3.16666666666667,1,2021
"266",2021-09-03 11:30:00,16.5,16,"ue",56,6,9.18065800605797,3.47840953371776,44,2021-09-03 10:00:00,2021-09-03 16:00:00,1.5,1,2021
"267",2021-09-12 16:15:00,16.8,13,"ue",58,8,12.2838386044447,7.35305977039361,4,2021-09-12 06:00:00,2021-09-12 14:00:00,10.25,1,2021
"268",2021-09-14 08:20:00,20.6,11,"ue",60,6,3.34989282644353,2.74214980267695,4,2021-09-13 20:00:00,2021-09-14 02:00:00,12.3333333333333,1,2021
"269",2021-09-20 06:40:00,8.2,-1,"ue",62,3,3.98352515217474,1.89913884736571,10,2021-09-19 22:00:00,2021-09-20 01:00:00,8.66666666666667,1,2021
"270",2021-09-21 07:45:00,8.5,2,"ue",63,2,1.67130925093531,0.625438715374479,12,2021-09-20 20:00:00,2021-09-20 22:00:00,11.75,1,2021
"271",2021-09-29 00:55:00,7.2,-14,"ue",64,2,1.60618008017174,0.824033450306943,12,2021-09-28 12:00:00,2021-09-28 14:00:00,12.9166666666667,1,2021
"272",2021-09-30 04:00:00,4.6,-4,"ue",65,12,9.26090525084037,2.15271653836655,10,2021-09-29 04:00:00,2021-09-29 16:00:00,1,1,2021
"273",2021-10-15 17:00:00,1.9,-28,"ue",72,20,4.53889675071517,1.41075885440106,0,2021-10-14 09:00:00,2021-10-15 05:00:00,1.33333333333333,0,2021
"274",2021-10-19 12:00:00,7.2,-35,"ue",73,7,1.18475160809075,0.462989664929564,1,2021-10-19 09:00:00,2021-10-19 16:00:00,3,0,2021
"275",2021-10-28 09:00:00,7.2,-42,"ue",78,11,1.28452181819264,0.241535629617696,1,2021-10-27 10:00:00,2021-10-27 21:00:00,23,0,2021
"276",2022-05-02 22:00:00,1.5,-29,"ue",80,17,11.4870181810106,3.95493483106352,2,2022-05-01 17:00:00,2022-05-02 10:00:00,1.20833333333333,0,2022
"277",2022-05-04 09:00:00,2.9,-25,"ue",81,24,24.2988240008674,3.9135237660834,5,2022-05-03 16:00:00,2022-05-04 16:00:00,17,1,2022
"278",2022-05-08 08:00:00,4.2,-25,"ue",82,16,13.3558220626263,2.28509957464207,6,2022-05-07 15:00:00,2022-05-08 07:00:00,17,1,2022
"279",2022-05-09 17:00:00,13.8,-30,"ue",84,7,6.68825368811162,1.66391381556696,1,2022-05-09 03:00:00,2022-05-09 10:00:00,14,0,2022
"280",2022-05-18 07:00:00,12.8,-30,"ue",86,7,2.91305250520892,1.15348824015866,1,2022-05-17 13:00:00,2022-05-17 20:00:00,18,0,2022
"281",2022-05-21 15:00:00,6.9,-31,"ue",87,28,23.7368844661415,2.17833326848992,2,2022-05-19 23:00:00,2022-05-21 03:00:00,1.66666666666667,0,2022
"282",2022-05-23 07:00:00,2.2,-29,"ue",89,17,12.3046770391155,2.08146671675394,2,2022-05-22 14:00:00,2022-05-23 07:00:00,17,0,2022
"283",2022-05-24 20:00:00,1.9,-28,"ue",92,10,19.6134600994032,3.84968545995906,3,2022-05-24 11:00:00,2022-05-24 21:00:00,9,1,2022
"284",2022-05-29 21:00:00,5.2,-29,"ue",95,9,6.23800709889863,1.98713673034884,2,2022-05-29 09:00:00,2022-05-29 18:00:00,12,0,2022
"285",2022-05-31 16:00:00,3.9,-26,"ue",97,17,25.3758408618972,3.57747952858113,5,2022-05-31 10:00:00,2022-06-01 03:00:00,6,1,2022
"286",2022-06-04 00:00:00,5.2,-28,"ue",98,3,6.62488506014661,6.27010225277639,2,2022-06-03 13:00:00,2022-06-03 16:00:00,11,0,2022
"287",2022-06-05 21:00:00,8.2,-25,"ue",99,6,1.12039234522123,0.878499607095359,5,2022-06-05 15:00:00,2022-06-05 21:00:00,6,1,2022
"288",2022-06-07 02:00:00,6.5,-24,"ue",100,1,3.70658243745979,3.26473345282036,6,2022-06-06 14:00:00,2022-06-06 15:00:00,12,1,2022
"289",2022-06-07 02:00:00,6.5,-24,"ue",101,1,2.90125845214568,2.71047213949337,6,2022-06-07 00:00:00,2022-06-07 01:00:00,2,1,2022
"290",2022-06-14 04:00:11,6.9,-29,"ue",103,3,1.58951255582113,0.688561849840431,2,2022-06-14 03:00:00,2022-06-14 06:00:00,1.00305555555556,0,2022
"291",2022-06-17 18:50:11,10.2,-23,"ue",104,6,6.04229867805769,3.59502497556726,7,2022-06-17 11:00:00,2022-06-17 17:00:00,7.83638888888889,1,2022
"292",2022-06-19 22:40:11,8.9,-27,"ue",108,1,2.18549403614985,1.5536109176884,3,2022-06-19 13:00:00,2022-06-19 14:00:00,9.66972222222222,1,2022
"293",2022-06-24 16:00:11,12.5,-25,"ue",109,3,1.60471211452039,0.72362302171417,5,2022-06-24 12:00:00,2022-06-24 15:00:00,4.00305555555556,1,2022
"294",2022-06-26 18:30:11,9.8,-24,"ue",111,4,9.71619017210253,5.7340349765055,6,2022-06-26 13:00:00,2022-06-26 17:00:00,5.50305555555556,1,2022
"295",2022-06-27 14:20:11,14.5,-23,"ue",112,4,2.47016116985962,1.57923735145552,3,2022-06-27 13:00:00,2022-06-27 17:00:00,1.33638888888889,1,2022
"296",2022-06-29 19:15:11,10.2,-21,"ue",114,2,1.86773331420582,1.32840464011662,4,2022-06-29 17:00:00,2022-06-29 19:00:00,2.25305555555556,1,2022
"297",2022-07-01 07:20:11,19.2,-22,"ue",116,2,3.6586302091577,1.48733426383731,4,2022-06-30 18:00:00,2022-06-30 20:00:00,13.3363888888889,1,2022
"298",2022-07-02 07:40:11,17.8,-20,"ue",118,1,6.97249074183734,6.65671176046076,6,2022-07-01 19:00:00,2022-07-01 20:00:00,12.6697222222222,1,2022
"299",2022-07-02 14:30:11,16.1,-22,"ue",119,4,1.49755821244309,0.854348750211941,3,2022-07-02 12:00:00,2022-07-02 16:00:00,2.50305555555556,1,2022
"300",2022-07-03 12:50:11,15.1,-21,"ue",120,7,4.75451072655529,2.22728866924219,4,2022-07-03 11:00:00,2022-07-03 18:00:00,1.83638888888889,1,2022
"301",2022-07-06 14:35:00,10.2,552,"ue",124,22,21.2404938539039,6.49506923138383,577,2022-07-05 09:00:00,2022-07-06 07:00:00,1.23263888888889,1,2022
"302",2022-07-06 14:35:00,10.2,552,"ue",125,1,9.40305198292516,8.6158989649187,577,2022-07-06 13:00:00,2022-07-06 14:00:00,1.58333333333333,1,2022
"303",2022-07-07 10:15:00,17.8,39,"ue",126,7,2.84742819369101,2.77173745673471,8,2022-07-07 10:00:00,2022-07-07 17:00:00,15,1,2022
"304",2022-07-08 18:15:00,13.5,32,"ue",127,1,10.7330187486236,10.7279097992539,3,2022-07-08 16:00:00,2022-07-08 17:00:00,2.25,1,2022
"305",2022-07-14 06:50:00,12.8,36,"ue",130,4,3.92229110354475,2.18762762278374,6,2022-07-13 15:00:00,2022-07-13 19:00:00,15.8333333333333,1,2022
"306",2022-07-15 09:00:00,18.2,37,"ue",131,8,4.24709948498701,2.46384072229759,6,2022-07-14 13:00:00,2022-07-14 21:00:00,20,1,2022
"307",2022-07-15 16:25:00,16.1,677,"ue",132,19,38.8155060875443,20.830495941049,648,2022-07-15 05:00:00,2022-07-16 00:00:00,11.4166666666667,1,2022
"308",2022-07-16 13:05:00,17.8,175,"ue",133,3,13.7254418634677,8.66223639316057,57,2022-07-16 13:00:00,2022-07-16 16:00:00,5,1,2022
"309",2022-07-21 07:00:00,26.4,69,"ue",134,5,2.11806526846988,2.10150228716039,13,2022-07-20 14:00:00,2022-07-20 19:00:00,17,1,2022
"310",2022-07-23 16:10:00,20.2,73,"ue",136,3,3.90148211144774,1.79963847247096,13,2022-07-23 16:00:00,2022-07-23 19:00:00,10,1,2022
"311",2022-07-24 18:35:00,13.5,68,"ue",137,5,5.04355144402821,2.76108255870712,8,2022-07-24 10:00:00,2022-07-24 15:00:00,8.58333333333333,1,2022
"312",2022-07-27 19:55:00,0.5,576,"ue",138,4,22.0394543903882,20.6907924307938,512,2022-07-27 15:00:00,2022-07-27 19:00:00,4.91666666666667,1,2022
"313",2022-07-30 14:50:00,22.7,48,"ue",141,3,1.55378811518311,0.661750281790006,7,2022-07-30 12:00:00,2022-07-30 15:00:00,2.83333333333333,1,2022
"314",2022-07-31 17:45:00,18.8,47,"ue",142,4,1.56733621036668,0.812480556898247,6,2022-07-31 11:00:00,2022-07-31 15:00:00,6.75,1,2022
"315",2022-08-01 13:25:00,26,49,"ue",143,4,3.83320121532745,2.66571269926844,7,2022-08-01 11:00:00,2022-08-01 15:00:00,2.41666666666667,1,2022
"316",2022-08-03 07:45:00,27.2,49,"ue",144,5,1.26416138454655,0.633974323941451,8,2022-08-02 15:00:00,2022-08-02 20:00:00,16.75,1,2022
"317",2022-08-06 10:00:00,29.5,48,"ue",146,11,12.3834239684476,5.2782706176292,6,2022-08-05 11:00:00,2022-08-05 22:00:00,23,1,2022
"318",2022-08-12 13:10:00,26.4,53,"ue",148,3,1.31021691761605,1.03728435259523,9,2022-08-12 13:00:00,2022-08-12 16:00:00,10,1,2022
"319",2022-08-13 12:30:00,25.3,50,"ue",150,6,5.62639283983717,2.28722663484899,8,2022-08-13 12:00:00,2022-08-13 18:00:00,30,1,2022
"320",2022-08-15 09:35:00,26.4,51,"ue",151,16,9.57121163814315,2.49725537581369,7,2022-08-14 11:00:00,2022-08-15 03:00:00,22.5833333333333,1,2022
"321",2022-08-15 10:15:00,22.3,49,"ue",152,11,35.4539152981765,9.0683326993016,10,2022-08-15 10:00:00,2022-08-15 21:00:00,15,1,2022
"322",2022-08-21 09:25:00,23.4,46,"ue",154,5,10.662719238816,5.9174490035943,8,2022-08-21 09:00:00,2022-08-21 14:00:00,25,1,2022
"323",2022-08-23 13:35:00,21.6,45,"ue",155,3,3.85791304238992,3.28070161738574,8,2022-08-23 13:00:00,2022-08-23 16:00:00,35,1,2022
"324",2022-08-24 13:00:00,20.9,47,"ue",156,4,8.63436099649522,6.929569192047,8,2022-08-24 11:00:00,2022-08-24 15:00:00,2,1,2022
"325",2022-08-25 12:50:00,19.9,47,"ue",157,8,7.51804842786162,3.26777684932282,8,2022-08-25 11:00:00,2022-08-25 19:00:00,1.83333333333333,1,2022
"326",2022-08-26 15:10:00,15.5,44,"ue",158,6,4.63024456229733,2.05500926479854,5,2022-08-26 11:00:00,2022-08-26 17:00:00,4.16666666666667,1,2022
"327",2022-08-28 14:25:00,20.9,45,"ue",160,1,2.84806183671769,2.25015281887876,8,2022-08-28 14:00:00,2022-08-28 15:00:00,25,1,2022
"328",2022-08-31 15:35:00,20.6,47,"ue",161,1,1.51140063536972,1.38410747693925,10,2022-08-31 13:00:00,2022-08-31 14:00:00,2.58333333333333,1,2022
"329",2022-09-14 10:10:00,17.8,48,"ue",167,7,8.63267695609473,3.14564790600193,10,2022-09-14 10:00:00,2022-09-14 17:00:00,10,1,2022
"330",2022-09-15 14:10:00,16.1,48,"ue",168,5,3.98426716575653,2.13025631743084,9,2022-09-15 06:00:00,2022-09-15 11:00:00,8.16666666666667,1,2022
"331",2022-09-16 14:35:00,16.8,48,"ue",169,7,2.86407238813667,1.65192603311479,11,2022-09-16 10:00:00,2022-09-16 17:00:00,4.58333333333333,1,2022
"332",2022-09-22 11:50:00,11.5,41,"ue",171,11,16.8378857211784,5.21933022569995,3,2022-09-21 13:00:00,2022-09-22 00:00:00,22.8333333333333,1,2022
"333",2022-09-27 14:20:00,16.1,44,"ue",174,5,5.00291849707586,2.77411773536466,8,2022-09-27 11:00:00,2022-09-27 16:00:00,3.33333333333333,1,2022
"334",2022-09-30 11:55:00,14.8,44,"ue",176,8,3.86246760787615,1.66326697707692,8,2022-09-30 09:00:00,2022-09-30 17:00:00,2.91666666666667,1,2022
"335",2022-10-04 15:30:00,11.8,41,"ue",180,3,3.84392143536806,3.24260009025916,5,2022-10-04 13:00:00,2022-10-04 16:00:00,2.5,1,2022
"336",2022-10-24 09:35:00,8.2,28,"ue",185,6,1.29098239039902,0.465303927335225,22,2022-10-23 17:00:00,2022-10-23 23:00:00,16.5833333333333,1,2022
"337",2022-10-26 09:25:00,0.1,20,"ue",186,11,4.52256719451483,1.76080404028923,13,2022-10-26 06:00:00,2022-10-26 17:00:00,3.41666666666667,1,2022
"338",2021-07-21 05:00:00,22,-53,"um",31,2,5.40022497204946,2.27073219159852,1,2021-07-20 16:00:00,2021-07-20 18:00:00,13,0,2021
"339",2021-07-22 03:00:00,22.3,-53,"um",32,7,2.99600528122458,1.55940886853307,1,2021-07-21 08:00:00,2021-07-21 15:00:00,19,0,2021
"340",2021-07-22 21:55:00,22.3,-53,"um",33,11,1.40261550056267,0.723186138274125,1,2021-07-22 09:00:00,2021-07-22 20:00:00,12.9166666666667,0,2021
"341",2021-07-24 01:55:00,22,-53,"um",34,4,9.76456641374955,5.12113684071981,1,2021-07-23 10:00:00,2021-07-23 14:00:00,15.9166666666667,0,2021
"342",2021-07-31 06:00:00,9.2,0,"um",36,8,3.78205275735273,1.36330395048114,1,2021-07-30 10:00:00,2021-07-30 18:00:00,20,0,2021
"343",2021-08-01 03:00:00,8.2,3,"um",38,4,6.14477484594155,1.91070007369131,3,2021-07-31 11:00:00,2021-07-31 15:00:00,16,1,2021
"344",2021-08-03 07:00:00,9.5,4,"um",39,3,4.97333108673438,2.58265539036778,1,2021-08-02 16:00:00,2021-08-02 19:00:00,15,0,2021
"345",2021-08-04 07:50:00,9.5,5,"um",40,12,18.8918829421632,5.49543267512521,1,2021-08-03 08:00:00,2021-08-03 20:00:00,23.8333333333333,0,2021
"346",2021-08-06 18:55:00,9.5,54,"um",41,10,9.07182679637181,5.45174114302412,51,2021-08-06 11:00:00,2021-08-06 21:00:00,7.91666666666667,1,2021
"347",2021-08-20 12:40:00,11.8,13,"um",48,1,2.02499569695707,1.14970921297528,3,2021-08-20 00:00:00,2021-08-20 01:00:00,12.6666666666667,1,2021
"348",2021-08-27 09:25:00,14.5,13,"um",53,6,2.10955842543357,1.21298251597912,5,2021-08-26 18:00:00,2021-08-27 00:00:00,15.4166666666667,1,2021
"349",2021-09-02 11:30:00,13.1,11,"um",55,9,7.00529684698515,2.28175357505172,2,2021-09-01 16:00:00,2021-09-02 01:00:00,19.5,0,2021
"350",2021-09-02 17:05:00,10.5,10,"um",56,1,4.32056400250949,3.14811575624991,2,2021-09-02 17:00:00,2021-09-02 18:00:00,5,0,2021
"351",2021-09-03 11:25:00,12.8,48,"um",57,6,10.3255546041222,3.42053948690962,39,2021-09-03 10:00:00,2021-09-03 16:00:00,1.41666666666667,1,2021
"352",2021-09-12 13:40:00,14.1,18,"um",59,7,11.7892492110011,6.76966871760768,4,2021-09-12 07:00:00,2021-09-12 14:00:00,6.66666666666667,1,2021
"353",2021-09-14 08:55:00,18.5,19,"um",61,6,3.53766100872674,2.5479011270516,6,2021-09-13 20:00:00,2021-09-14 02:00:00,12.9166666666667,1,2021
"354",2021-09-20 09:05:00,14.8,12,"um",63,3,4.31025738800373,2.14454815031903,6,2021-09-19 22:00:00,2021-09-20 01:00:00,11.0833333333333,1,2021
"355",2021-09-21 09:30:00,14.5,27,"um",64,2,1.67579055502876,0.593856467203585,40,2021-09-20 20:00:00,2021-09-20 22:00:00,13.5,1,2021
"356",2021-09-29 02:00:00,7.2,22,"um",65,2,2.19669343347838,1.04208357138479,5,2021-09-28 12:00:00,2021-09-28 14:00:00,14,1,2021
"357",2021-09-29 11:00:00,13.1,26,"um",66,12,9.86103972489584,2.09155513431969,7,2021-09-29 04:00:00,2021-09-29 16:00:00,7,1,2021
"358",2021-10-15 14:00:00,6.2,1,"um",73,21,4.74872775466075,1.43972828389505,6,2021-10-14 09:00:00,2021-10-15 06:00:00,1.20833333333333,1,2021
"359",2021-10-19 13:00:00,5.6,18,"um",74,7,1.33760453610637,0.524864338500295,10,2021-10-19 09:00:00,2021-10-19 16:00:00,4,1,2021
"360",2021-10-28 10:00:00,8.5,24,"um",78,19,1.60733065019591,0.272319758185602,44,2021-10-27 04:00:00,2021-10-27 23:00:00,1.25,1,2021
"361",2022-05-02 15:00:00,5.6,20,"um",80,19,11.8008673452684,3.98498124484062,9,2022-05-01 17:00:00,2022-05-02 12:00:00,22,1,2022
"362",2022-05-04 12:00:00,5.9,28,"um",81,26,24.8754353515968,3.9757707965114,24,2022-05-03 14:00:00,2022-05-04 16:00:00,22,1,2022
"363",2022-06-07 00:00:00,4.2,-59,"um",101,2,3.64467180674623,3.09263239034166,0,2022-06-06 13:00:00,2022-06-06 15:00:00,11,0,2022
"364",2022-06-07 00:00:00,4.2,-59,"um",102,1,2.96404758288451,2.65576456267953,2,2022-06-07 00:00:00,2022-06-07 01:00:00,0,0,2022
"365",2022-06-14 06:25:00,8,-59,"um",104,3,1.82532397046455,0.736083725193443,2,2022-06-14 03:00:00,2022-06-14 06:00:00,3.41666666666667,0,2022
"366",2022-06-18 03:40:00,7.7,-59,"um",105,6,6.21154528453019,3.54810798128314,2,2022-06-17 11:00:00,2022-06-17 17:00:00,16.6666666666667,0,2022
"367",2022-06-20 01:35:00,6.9,-59,"um",109,1,2.18060340079174,1.61734460158881,2,2022-06-19 13:00:00,2022-06-19 14:00:00,12.5833333333333,0,2022
"368",2022-06-25 03:00:00,5.7,-59,"um",110,3,1.82791147657429,0.887712951550908,2,2022-06-24 12:00:00,2022-06-24 15:00:00,15,0,2022
"369",2022-06-27 05:00:00,3.9,-59,"um",112,4,10.1537621292016,6.13075962405379,2,2022-06-26 13:00:00,2022-06-26 17:00:00,16,0,2022
"370",2022-06-28 05:00:00,3.9,-59,"um",113,4,2.5680259842388,1.68311229174511,2,2022-06-27 13:00:00,2022-06-27 17:00:00,16,0,2022
"371",2022-06-30 06:55:00,8.6,-59,"um",115,2,2.42158014607738,1.82305074952128,2,2022-06-29 17:00:00,2022-06-29 19:00:00,13.9166666666667,0,2022
"372",2022-07-01 06:30:00,7.2,-59,"um",117,2,4.15028125334934,1.58386233965342,2,2022-06-30 18:00:00,2022-06-30 20:00:00,12.5,0,2022
"373",2022-07-02 06:40:00,7.5,-59,"um",119,1,6.72360923550418,6.48680312964416,1,2022-07-01 19:00:00,2022-07-01 20:00:00,11.6666666666667,0,2022
"374",2022-07-03 04:00:00,6.3,-59,"um",120,4,1.54391558657554,0.856698137926831,2,2022-07-02 12:00:00,2022-07-02 16:00:00,16,0,2022
"375",2022-07-04 06:00:00,7.2,-59,"um",121,7,4.96559655903035,2.22021304124147,2,2022-07-03 11:00:00,2022-07-03 18:00:00,19,0,2022
"376",2022-07-06 14:35:00,11,289,"um",125,22,22.7368100393237,6.90823001293486,350,2022-07-05 09:00:00,2022-07-06 07:00:00,1.23263888888889,1,2022
"377",2022-07-06 14:35:00,11,289,"um",126,1,10.5649885151972,9.60997438086818,350,2022-07-06 13:00:00,2022-07-06 14:00:00,1.58333333333333,1,2022
"378",2022-07-07 12:40:00,15.8,2,"um",127,7,2.98931023806288,2.85178623689471,4,2022-07-07 10:00:00,2022-07-07 17:00:00,2.66666666666667,1,2022
"379",2022-07-08 16:20:00,17.4,-4,"um",128,1,8.65332284928119,8.62365846718017,3,2022-07-08 16:00:00,2022-07-08 17:00:00,20,1,2022
"380",2022-07-14 07:00:00,13,-34,"um",131,4,4.15536976394117,2.1430240409479,1,2022-07-13 15:00:00,2022-07-13 19:00:00,16,0,2022
"381",2022-07-15 08:30:00,15.5,-34,"um",132,6,4.76221859901385,2.53858367300058,1,2022-07-14 15:00:00,2022-07-14 21:00:00,17.5,0,2022
"382",2022-07-15 16:25:00,15.1,314,"um",133,19,39.5593646403208,20.8749805417287,349,2022-07-15 05:00:00,2022-07-16 00:00:00,11.4166666666667,1,2022
"383",2022-07-16 13:05:00,18,43,"um",134,3,13.7902360955003,8.2912841377988,7,2022-07-16 13:00:00,2022-07-16 16:00:00,5,1,2022
"384",2022-07-20 16:45:00,16.5,-6,"um",135,4,1.95523560756275,1.8653958581234,5,2022-07-20 14:00:00,2022-07-20 18:00:00,2.75,1,2022
"385",2022-07-24 07:00:00,12.2,-8,"um",137,3,4.84379348340625,1.89335369468119,7,2022-07-23 16:00:00,2022-07-23 19:00:00,15,1,2022
"386",2022-07-24 10:00:00,14.3,-8,"um",138,5,5.39162094195169,2.95348785202335,6,2022-07-24 10:00:00,2022-07-24 15:00:00,0,1,2022
"387",2022-07-27 20:00:00,0.3,267,"um",139,4,22.8615078933805,21.4021231067899,282,2022-07-27 15:00:00,2022-07-27 19:00:00,5,1,2022
"388",2022-07-30 12:20:00,20.1,62,"um",142,3,2.32307691975956,0.844711670291886,19,2022-07-30 12:00:00,2022-07-30 15:00:00,20,1,2022
"389",2022-07-31 13:40:00,18.6,62,"um",143,4,1.72015910433631,0.794977448177363,18,2022-07-31 11:00:00,2022-07-31 15:00:00,2.66666666666667,1,2022
"390",2022-08-01 13:15:00,20.8,64,"um",144,4,4.19567050140652,2.9491832683446,23,2022-08-01 11:00:00,2022-08-01 15:00:00,2.25,1,2022
"391",2022-08-03 08:00:00,17.6,61,"um",145,5,1.44328363247631,0.746902450209221,20,2022-08-02 15:00:00,2022-08-02 20:00:00,17,1,2022
"392",2022-08-05 12:10:00,20.5,55,"um",147,10,14.7820683239343,5.82027872472437,20,2022-08-05 11:00:00,2022-08-05 21:00:00,1.16666666666667,1,2022
"393",2022-08-13 04:00:00,8.9,-30,"um",149,3,1.43302646215487,0.911833273841608,5,2022-08-12 13:00:00,2022-08-12 16:00:00,15,1,2022
"394",2022-08-14 05:25:00,9.5,-30,"um",151,7,5.72320826735239,2.31679136301499,5,2022-08-13 11:00:00,2022-08-13 18:00:00,18.4166666666667,1,2022
"395",2022-08-15 00:00:00,10.5,-21,"um",152,16,9.71813769251444,2.04006049824581,14,2022-08-14 11:00:00,2022-08-15 03:00:00,13,1,2022
"396",2022-08-16 07:35:00,12.1,-19,"um",153,11,36.1849616742772,9.39019660140617,15,2022-08-15 10:00:00,2022-08-15 21:00:00,21.5833333333333,1,2022
"397",2022-08-22 02:00:00,7.2,-24,"um",155,5,16.8261146924892,7.87893629446813,3,2022-08-21 09:00:00,2022-08-21 14:00:00,17,1,2022
"398",2022-08-24 04:00:00,5.6,-24,"um",156,3,4.92813069009781,4.00857761519227,3,2022-08-23 13:00:00,2022-08-23 16:00:00,15,1,2022
"399",2022-08-25 02:00:00,6.2,-23,"um",157,3,8.44899351521786,6.34563966844038,4,2022-08-24 11:00:00,2022-08-24 14:00:00,15,1,2022
"400",2022-08-26 07:00:00,9.8,-21,"um",158,8,9.00962169873361,4.43774586508852,4,2022-08-25 11:00:00,2022-08-25 19:00:00,20,1,2022
"401",2022-08-27 05:00:00,7.9,-21,"um",159,6,4.7389354011821,2.14904380550034,3,2022-08-26 11:00:00,2022-08-26 17:00:00,18,1,2022
"402",2022-08-29 03:00:00,6.2,-23,"um",161,1,3.12238749722807,2.38052850677775,3,2022-08-28 14:00:00,2022-08-28 15:00:00,13,1,2022
"403",2022-09-01 02:00:00,6.2,-27,"um",162,1,1.93805855497317,1.80222656178562,3,2022-08-31 13:00:00,2022-08-31 14:00:00,13,1,2022
"404",2022-09-15 00:40:00,7.9,-27,"um",168,7,8.72324890061602,3.19557728010464,5,2022-09-14 10:00:00,2022-09-14 17:00:00,14.6666666666667,1,2022
"405",2022-09-15 06:55:00,8.2,-26,"um",169,5,3.84008667339659,2.13888101652572,5,2022-09-15 06:00:00,2022-09-15 11:00:00,55,1,2022
"406",2022-09-17 05:00:00,6.5,-27,"um",170,7,2.88719586307741,1.60686850790059,5,2022-09-16 10:00:00,2022-09-16 17:00:00,19,1,2022
"407",2022-09-22 11:45:00,11.2,-24,"um",172,11,16.765256610754,5.08379106509972,8,2022-09-21 13:00:00,2022-09-22 00:00:00,22.75,1,2022
"408",2022-09-28 04:00:00,2.2,-25,"um",175,5,4.8991599571338,2.53156624778896,2,2022-09-27 11:00:00,2022-09-27 16:00:00,17,0,2022
"409",2022-10-01 04:45:00,4.9,-25,"um",177,8,4.32444498225734,2.07244606250364,2,2022-09-30 09:00:00,2022-09-30 17:00:00,19.75,0,2022
"410",2022-10-04 22:20:00,5.6,-25,"um",181,4,3.52707907208882,2.84762567178816,2,2022-10-04 13:00:00,2022-10-04 17:00:00,9.33333333333333,0,2022
"411",2022-10-24 10:10:00,4.9,-25,"um",186,6,1.42853703260426,0.540583379549431,10,2022-10-23 17:00:00,2022-10-23 23:00:00,17.1666666666667,1,2022
"412",2022-10-26 08:15:00,0.1,-27,"um",187,11,4.6782677377991,1.7861819750792,5,2022-10-26 06:00:00,2022-10-26 17:00:00,2.25,1,2022
"413",2021-07-20 17:25:00,15.8,5,"uw",34,3,6.91341121306128,3.63926634375074,5,2021-07-20 15:00:00,2021-07-20 18:00:00,2.41666666666667,1,2021
"414",2021-07-21 18:00:00,15.1,1,"uw",35,7,3.71719329132972,2.13012900286804,3,2021-07-21 08:00:00,2021-07-21 15:00:00,10,1,2021
"415",2021-07-22 14:30:00,15.5,0,"uw",36,11,1.6927056386891,1.05014673189752,3,2021-07-22 09:00:00,2021-07-22 20:00:00,5.5,1,2021
"416",2021-07-23 12:35:00,14.1,0,"uw",37,4,10.3392891580795,5.62836152863607,4,2021-07-23 10:00:00,2021-07-23 14:00:00,2.58333333333333,1,2021
"417",2021-07-30 12:30:00,15.8,-2,"uw",39,8,3.65926565206125,1.5709325695524,4,2021-07-30 10:00:00,2021-07-30 18:00:00,2.5,1,2021
"418",2021-07-31 21:05:00,11.8,0,"uw",40,11,8.37128384798749,1.98631258605772,4,2021-07-31 04:00:00,2021-07-31 15:00:00,17.0833333333333,1,2021
"419",2021-08-02 20:30:00,12.8,-6,"uw",41,3,5.38588661647058,2.36050733573567,4,2021-08-02 16:00:00,2021-08-02 19:00:00,4.5,1,2021
"420",2021-08-03 17:10:00,13.8,-4,"uw",42,16,16.3689590227747,4.96680616348453,6,2021-08-03 05:00:00,2021-08-03 21:00:00,12.1666666666667,1,2021
"421",2021-08-06 18:25:00,12.5,-2,"uw",43,10,8.88039181757713,4.65917133139859,7,2021-08-06 11:00:00,2021-08-06 21:00:00,7.41666666666667,1,2021
"422",2021-08-14 17:30:00,16.1,0,"uw",44,6,3.48432973700716,2.10664888278225,7,2021-08-14 12:00:00,2021-08-14 18:00:00,5.5,1,2021
"423",2021-08-17 17:45:00,15.8,1,"uw",47,6,2.7147845288628,2.12178604572823,5,2021-08-17 12:00:00,2021-08-17 18:00:00,5.75,1,2021
"424",2021-08-18 17:00:00,13.8,1,"uw",48,6,8.3335806011205,5.87933360809651,9,2021-08-18 13:00:00,2021-08-18 19:00:00,4,1,2021
"425",2021-08-19 15:35:00,14.8,-3,"uw",50,7,3.2153000781601,1.40976437159411,6,2021-08-19 10:00:00,2021-08-19 17:00:00,5.58333333333333,1,2021
"426",2021-08-20 13:00:00,15.8,-6,"uw",51,1,2.18642216854505,1.26591383638457,14,2021-08-20 00:00:00,2021-08-20 01:00:00,13,1,2021
"427",2021-08-26 18:10:00,14.5,0,"uw",56,6,2.39358947928114,1.26079540821393,7,2021-08-26 18:00:00,2021-08-27 00:00:00,10,1,2021
"428",2021-09-01 15:20:00,15.8,0,"uw",58,13,7.5087009850544,2.44100700268765,9,2021-09-01 13:00:00,2021-09-02 02:00:00,2.33333333333333,1,2021
"429",2021-09-02 17:40:00,13.8,-1,"uw",59,2,4.27368962601008,3.17922116280697,8,2021-09-02 16:00:00,2021-09-02 18:00:00,1.66666666666667,1,2021
"430",2021-09-03 15:30:00,14.8,0,"uw",60,6,12.5563952905378,3.44684777140898,8,2021-09-03 10:00:00,2021-09-03 16:00:00,5.5,1,2021
"431",2021-09-12 16:25:00,14.1,-8,"uw",62,10,11.4163757381642,6.28668524831014,13,2021-09-12 06:00:00,2021-09-12 16:00:00,10.4166666666667,1,2021
"432",2021-10-26 15:30:00,4.6,-21,"uw",82,10,1.28258041084756,0.669161790435579,5,2021-10-26 10:00:00,2021-10-26 20:00:00,5.5,1,2021
"433",2021-10-28 11:00:00,6.5,-19,"uw",83,19,1.91908621413122,0.295814131975329,7,2021-10-27 04:00:00,2021-10-27 23:00:00,1.29166666666667,1,2021
"434",2022-05-02 16:00:00,3.5,-32,"uw",85,23,12.2437361572598,3.988810750431,1,2022-05-01 13:00:00,2022-05-02 12:00:00,1.125,0,2022
"435",2022-05-05 04:00:00,1.5,-31,"uw",86,26,25.0987471033042,4.16786504720003,2,2022-05-03 14:00:00,2022-05-04 16:00:00,1.58333333333333,0,2022
"436",2022-05-08 07:15:00,3.9,28,"uw",87,16,16.4944889744518,2.31371155882336,13,2022-05-07 15:00:00,2022-05-08 07:00:00,16.25,1,2022
"437",2022-05-09 10:05:00,5.9,19,"uw",89,8,8.06542501068839,1.90126803418625,4,2022-05-09 02:00:00,2022-05-09 10:00:00,8.08333333333333,1,2022
"438",2022-05-18 08:00:00,7.9,-2,"uw",92,7,3.93227113509592,1.68199569891149,3,2022-05-17 13:00:00,2022-05-17 20:00:00,19,1,2022
"439",2022-05-21 13:40:00,9.8,21,"uw",93,28,25.5402463836662,2.1256871422426,30,2022-05-19 23:00:00,2022-05-21 03:00:00,1.61111111111111,1,2022
"440",2022-05-23 10:00:00,7.5,-2,"uw",95,20,13.149246986952,2.16537189199074,5,2022-05-22 11:00:00,2022-05-23 07:00:00,23,1,2022
"441",2022-05-24 19:10:00,2.5,1,"uw",98,10,18.7720178440895,3.89023366160115,8,2022-05-24 11:00:00,2022-05-24 21:00:00,8.16666666666667,1,2022
"442",2022-05-29 11:40:00,10.8,-23,"uw",100,15,7.0511241283988,2.33850717619069,3,2022-05-29 03:00:00,2022-05-29 18:00:00,8.66666666666667,1,2022
"443",2022-06-01 12:30:00,10.2,0,"uw",103,17,26.6531722912274,3.68335372143663,25,2022-05-31 10:00:00,2022-06-01 03:00:00,1.10416666666667,1,2022
"444",2022-06-03 14:20:00,15.5,-23,"uw",104,3,3.13949267784913,2.7137421567791,3,2022-06-03 13:00:00,2022-06-03 16:00:00,1.33333333333333,1,2022
"445",2022-06-06 00:00:00,6.9,-10,"uw",106,6,1.33460329322736,0.904513098086051,17,2022-06-05 15:00:00,2022-06-05 21:00:00,9,1,2022
"446",2022-06-07 02:00:00,6.9,-8,"uw",107,2,3.55119596031081,2.80166732318368,17,2022-06-06 13:00:00,2022-06-06 15:00:00,13,1,2022
"447",2022-06-07 02:00:00,6.9,-8,"uw",108,1,3.23039137734793,2.81762217231001,14,2022-06-07 00:00:00,2022-06-07 01:00:00,2,1,2022
"448",2022-06-14 16:10:00,17.1,-21,"uw",110,3,2.20680880628683,0.875046877513072,2,2022-06-14 03:00:00,2022-06-14 06:00:00,13.1666666666667,0,2022
"449",2022-06-17 18:15:00,11.5,-14,"uw",112,6,6.67302938674836,3.60012486647503,10,2022-06-17 11:00:00,2022-06-17 17:00:00,7.25,1,2022
"450",2022-06-19 13:05:00,18.8,-22,"uw",116,1,2.24589780148485,1.76848136895933,2,2022-06-19 13:00:00,2022-06-19 14:00:00,5,0,2022
"451",2022-06-25 00:00:00,9.5,-24,"uw",117,3,2.1291034322519,1.12453905986098,2,2022-06-24 12:00:00,2022-06-24 15:00:00,12,0,2022
"452",2022-06-27 00:00:00,7.9,-22,"uw",119,4,9.96748097803906,6.18896192405983,3,2022-06-26 13:00:00,2022-06-26 17:00:00,11,1,2022
"453",2022-06-28 00:20:00,7.5,-22,"uw",120,4,2.9179070136148,1.99460505281233,4,2022-06-27 13:00:00,2022-06-27 17:00:00,11.3333333333333,1,2022
"454",2022-06-29 15:05:00,19.5,-24,"uw",122,4,2.67206949395609,2.05691451061394,2,2022-06-29 15:00:00,2022-06-29 19:00:00,5,0,2022
"455",2022-07-01 11:00:00,14.5,-25,"uw",124,5,4.79748581822846,1.71664244124817,1,2022-06-30 18:00:00,2022-06-30 23:00:00,17,0,2022
"456",2022-07-02 08:00:00,10.2,-26,"uw",126,2,6.0902193089541,5.96975886292431,1,2022-07-01 18:00:00,2022-07-01 20:00:00,14,0,2022
"457",2022-07-03 00:00:00,9.2,-25,"uw",127,4,1.50680979484941,0.868175677717416,1,2022-07-02 12:00:00,2022-07-02 16:00:00,12,0,2022
"458",2022-07-04 00:00:00,10.5,-20,"uw",128,7,5.40718739804029,2.15668931441749,6,2022-07-03 11:00:00,2022-07-03 18:00:00,13,1,2022
"459",2022-07-06 14:40:00,10.8,308,"uw",131,22,24.4385830094798,7.03711588419522,341,2022-07-05 09:00:00,2022-07-06 07:00:00,1.23611111111111,1,2022
"460",2022-07-06 14:40:00,10.8,308,"uw",132,1,13.4184052191463,12.1259961217365,341,2022-07-06 13:00:00,2022-07-06 14:00:00,1.66666666666667,1,2022
"461",2022-07-07 17:15:00,17.5,29,"uw",133,8,2.84499705342401,2.67646705822227,11,2022-07-07 10:00:00,2022-07-07 18:00:00,7.25,1,2022
"462",2022-07-08 16:00:00,18.5,21,"uw",134,1,4.62795680828399,4.62583177566905,11,2022-07-08 16:00:00,2022-07-08 17:00:00,0,1,2022
"463",2022-07-14 07:00:00,13.8,6,"uw",137,4,4.54634922229776,2.13508959449315,10,2022-07-13 15:00:00,2022-07-13 19:00:00,16,1,2022
"464",2022-07-15 09:00:00,15.1,5,"uw",138,11,5.07011665446742,2.59609188977059,9,2022-07-14 10:00:00,2022-07-14 21:00:00,23,1,2022
"465",2022-07-15 16:55:00,15.5,279,"uw",139,20,41.6455560853898,21.9878162018375,287,2022-07-15 05:00:00,2022-07-16 01:00:00,11.9166666666667,1,2022
"466",2022-07-16 14:15:00,17.1,50,"uw",140,6,13.2729895199667,7.43685912084634,5,2022-07-16 13:00:00,2022-07-16 19:00:00,1.25,1,2022
"467",2022-07-20 14:15:00,22,55,"uw",141,5,1.42164282416424,1.25780604566846,10,2022-07-20 13:00:00,2022-07-20 18:00:00,1.25,1,2022
"468",2022-07-23 15:40:00,21.3,57,"uw",143,5,5.838804016147,2.98091336960201,9,2022-07-23 14:00:00,2022-07-23 19:00:00,1.66666666666667,1,2022
"469",2022-07-24 18:45:00,14.1,53,"uw",144,5,5.71054684320965,3.20828431586016,5,2022-07-24 10:00:00,2022-07-24 15:00:00,8.75,1,2022
"470",2022-07-27 20:00:00,3.5,99,"uw",145,5,19.107618134342,17.6743985781174,53,2022-07-27 14:00:00,2022-07-27 19:00:00,6,1,2022
"471",2022-07-30 15:00:00,19.9,60,"uw",148,7,1.70085881424572,1.16827590744899,9,2022-07-30 12:00:00,2022-07-30 19:00:00,3,1,2022
"472",2022-07-31 17:15:00,18.2,60,"uw",149,4,2.27743649526119,0.790149841860694,8,2022-07-31 11:00:00,2022-07-31 15:00:00,6.25,1,2022
"473",2022-08-01 13:20:00,22.3,62,"uw",150,5,4.60340412683394,3.224282705865,10,2022-08-01 10:00:00,2022-08-01 15:00:00,3.33333333333333,1,2022
"474",2022-08-02 15:20:00,21.3,62,"uw",151,7,1.65579843751574,0.78003961682195,9,2022-08-02 14:00:00,2022-08-02 21:00:00,1.33333333333333,1,2022
"475",2022-08-03 17:30:00,17.1,59,"uw",152,1,1.34215845467295,1.34066854363494,7,2022-08-03 14:00:00,2022-08-03 15:00:00,3.5,1,2022
"476",2022-08-05 13:40:00,20.6,64,"uw",153,11,16.4438241067496,6.04992295329405,8,2022-08-05 11:00:00,2022-08-05 22:00:00,2.66666666666667,1,2022
"477",2022-08-12 15:45:00,20.9,66,"uw",155,3,1.58526158282809,0.88386235312283,11,2022-08-12 13:00:00,2022-08-12 16:00:00,2.75,1,2022
"478",2022-08-13 12:35:00,21.3,65,"uw",156,18,6.24928033662418,2.3530296447884,10,2022-08-13 00:00:00,2022-08-13 18:00:00,12.5833333333333,1,2022
"479",2022-08-15 14:10:00,13.8,82,"uw",157,15,10.7502156878381,2.51606159460611,24,2022-08-14 12:00:00,2022-08-15 03:00:00,1.09027777777778,1,2022
"480",2022-08-15 16:05:00,14.1,206,"uw",158,11,37.6943580205801,10.2219035564181,147,2022-08-15 10:00:00,2022-08-15 21:00:00,6.08333333333333,1,2022
"481",2022-08-19 17:30:00,16.1,66,"uw",159,1,1.17361678608078,0.813283648335875,9,2022-08-19 14:00:00,2022-08-19 15:00:00,3.5,1,2022
"482",2022-08-21 11:40:00,12.1,262,"uw",161,5,19.9284886329478,9.0143415839748,223,2022-08-21 09:00:00,2022-08-21 14:00:00,2.66666666666667,1,2022
"483",2022-08-23 13:15:00,21.3,78,"uw",162,3,6.56469326020735,5.0169774452061,22,2022-08-23 13:00:00,2022-08-23 16:00:00,15,1,2022
"484",2022-08-24 13:25:00,19.2,74,"uw",163,3,8.06733661019513,5.35782913184649,18,2022-08-24 11:00:00,2022-08-24 14:00:00,2.41666666666667,1,2022
"485",2022-08-25 13:45:00,16.5,72,"uw",164,8,10.6084751373282,6.23876837387746,14,2022-08-25 11:00:00,2022-08-25 19:00:00,2.75,1,2022
"486",2022-08-26 11:40:00,14.8,70,"uw",165,6,4.99682697881625,2.48163024574388,10,2022-08-26 11:00:00,2022-08-26 17:00:00,40,1,2022
"487",2022-08-27 13:25:00,18.8,74,"uw",166,4,1.14913419815753,0.787260708083932,15,2022-08-27 13:00:00,2022-08-27 17:00:00,25,1,2022
"488",2022-08-28 14:40:00,19.2,74,"uw",167,1,3.58239981769405,2.70258878481597,19,2022-08-28 14:00:00,2022-08-28 15:00:00,40,1,2022
"489",2022-08-31 13:15:00,21.6,68,"uw",168,1,2.60514652516616,2.37348133634002,20,2022-08-31 13:00:00,2022-08-31 14:00:00,15,1,2022
"490",2022-09-14 10:10:00,13.5,47,"uw",174,6,8.88380757838246,3.31793126343086,1,2022-09-14 10:00:00,2022-09-14 16:00:00,10,0,2022
